User_ID,Session_ID,Date,Time,Day_of_Week,Song_Title,Artist_Name,Genre,Sub_Genre,Language,Release_Year,Duration_sec,Listen_Duration_sec,Completion_Rate,Skip_Flag,Repeat_Count,Liked_Flag,Added_To_Playlist,Rating,Mood,Activity,Device,Location,Weather,Recommended_By_System,Recommendation_Source,Previously_Listened,User_Action,Next_Song_Genre,Hour_of_Day,Weekend_Flag,Cumulative_Listening_Minutes
U001,S20251023_01,2025-10-23,22:15:00,Thursday,Senorita,Shawn Mendes & Camila Cabello,Pop,R&B,English,2023,222,180,0.81,0,1,0,0,3.3,Sad,Gym,Smart Speaker,Office,Rainy,1,Trending,1,Finished,Reggae,22,0,3
U001,S20251023_02,2025-10-23,16:36:00,Thursday,Senorita,Shawn Mendes & Camila Cabello,Pop,Hip-Hop,English,2022,294,193,0.66,1,1,0,1,4.6,Motivated,Driving,Smart Speaker,Library,Sunny,0,Playlist,1,Finished,EDM,16,0,6
U001,S20251023_03,2025-10-23,15:09:00,Thursday,Blinding Lights,The Weeknd,Pop,Country,English,2022,356,274,0.77,1,0,0,1,3.3,Sad,Driving,Laptop,Gym,Sunny,1,Trending,1,Searched Similar,Hip-Hop,15,0,10
U001,S20251023_04,2025-10-23,16:50:00,Thursday,Without Me,Halsey,Pop,Pop,English,2021,189,170,0.9,0,0,1,0,3.4,Relaxed,Gym,iPhone,Home,Rainy,1,Trending,0,Skipped,Lo-Fi,16,0,12
U001,S20251023_05,2025-10-23,6:41:00,Thursday,Water,Tyla,Afrobeat,Country,English,2020,305,257,0.84,0,0,0,0,4.7,Calm,Driving,iPhone,Park,Rainy,0,Playlist,1,Searched Similar,Classical,6,0,16
U001,S20251023_06,2025-10-23,6:11:00,Thursday,Slime You Out,Drake ft. SZA,R&B,EDM,English,2021,328,305,0.93,0,1,0,0,4.1,Sad,Studying,Tablet,Outdoors,Cloudy,1,Trending,1,Finished,Jazz,6,0,21
U001,S20251023_07,2025-10-23,22:17:00,Thursday,Houdini,Eminem,Rap,Rock,English,2021,376,340,0.9,0,0,0,0,4.3,Relaxed,Driving,Laptop,Park,Windy,1,Collaborative Filter,1,Searched Similar,Reggae,22,0,26
U001,S20251023_08,2025-10-23,22:58:00,Thursday,Lose Yourself,Eminem,Rap,Lo-Fi,English,2025,246,225,0.91,0,1,0,1,3.8,Relaxed,Commuting,Laptop,Park,Windy,1,Daily Mix,1,Searched Similar,Pop,22,0,29
U001,S20251023_09,2025-10-23,15:59:00,Thursday,Popular,"The Weeknd ft. Madonna, Playboi Carti",R&B,Lo-Fi,English,2022,282,274,0.97,0,0,1,0,4.8,Sad,Commuting,Laptop,Office,Snowy,1,AI Mix,1,Skipped,Country,15,0,33
U001,S20251023_10,2025-10-23,9:22:00,Thursday,Someone You Loved,Lewis Capaldi,Pop,EDM,English,2025,224,138,0.62,1,0,1,1,4.9,Energetic,Studying,iPhone,Cafe,Windy,1,AI Mix,0,Finished,Classical,9,0,35
U001,S20251023_11,2025-10-23,7:51:00,Thursday,Espresso,Sabrina Carpenter,Pop,Pop,English,2020,382,247,0.65,1,1,1,0,4.9,Calm,Relaxing,Laptop,Office,Snowy,0,User Search,0,Finished,Reggae,7,0,39
U001,S20251023_12,2025-10-23,17:59:00,Thursday,Rush,Troye Sivan,Pop,EDM,English,2024,286,208,0.73,1,0,0,0,4.5,Happy,Commuting,Smart Speaker,Cafe,Windy,1,AI Mix,1,Skipped,R&B,17,0,42
U001,S20251023_13,2025-10-23,13:12:00,Thursday,Ghost,Justin Bieber,Pop,Reggae,English,2020,279,276,0.99,0,0,0,0,4.9,Focused,Relaxing,iPhone,Cafe,Cloudy,0,Playlist,0,Finished,Jazz,13,0,46
U001,S20251023_14,2025-10-23,6:56:00,Thursday,Someone You Loved,Lewis Capaldi,Pop,R&B,English,2020,166,133,0.8,0,1,0,0,3.9,Calm,Studying,Tablet,Gym,Sunny,1,AI Mix,1,Skipped,EDM,6,0,48
U001,S20251023_15,2025-10-23,7:16:00,Thursday,When I Was Your Man,Bruno Mars,Pop,R&B,English,2024,258,196,0.76,1,0,1,1,3.0,Sad,Driving,Smart Speaker,Home,Cloudy,1,Daily Mix,1,Searched Similar,Classical,7,0,51
U001,S20251023_16,2025-10-23,7:56:00,Thursday,Lose Yourself,Eminem,Rap,Jazz,English,2024,212,172,0.81,0,0,0,0,4.9,Energetic,Working,Tablet,Library,Clear,1,Collaborative Filter,0,Skipped,Jazz,7,0,53
U001,S20251023_17,2025-10-23,6:59:00,Thursday,Thinking Out Loud,Ed Sheeran,Pop,Reggae,English,2020,164,103,0.63,1,1,0,0,4.0,Calm,Commuting,Laptop,Home,Sunny,1,Trending,1,Skipped,EDM,6,0,54
U001,S20251023_18,2025-10-23,18:41:00,Thursday,Lose Control,Teddy Swims,Soul,R&B,English,2025,211,126,0.6,1,1,1,0,4.2,Happy,Working,Smart Speaker,Park,Snowy,1,Daily Mix,0,Searched Similar,Jazz,18,0,56
U001,S20251023_19,2025-10-23,17:56:00,Thursday,Save Your Tears,The Weeknd,Pop,Hip-Hop,English,2024,342,246,0.72,1,0,0,1,4.9,Motivated,Studying,Tablet,Library,Rainy,1,Collaborative Filter,1,Skipped,Classical,17,0,60
U001,S20251023_20,2025-10-23,10:24:00,Thursday,Don’t Start Now,Dua Lipa,Pop,Country,English,2022,381,340,0.89,0,0,1,1,3.6,Relaxed,Relaxing,iPhone,Office,Sunny,0,Playlist,0,Finished,EDM,10,0,65
U001,S20251024_01,2025-10-24,22:08:00,Friday,Industry Baby,Lil Nas X & Jack Harlow,Hip-Hop,Rock,English,2020,223,186,0.83,0,1,1,1,4.4,Focused,Working,Smart Speaker,Cafe,Snowy,1,Daily Mix,1,Searched Similar,Lo-Fi,22,0,3
U001,S20251024_02,2025-10-24,21:06:00,Friday,Blinding Lights,The Weeknd,Pop,Pop,English,2025,260,235,0.9,0,0,1,0,4.3,Sad,Driving,iPhone,Library,Snowy,1,AI Mix,0,Skipped,Hip-Hop,21,0,6
U001,S20251024_03,2025-10-24,10:08:00,Friday,Circles,Post Malone,Pop,R&B,English,2025,206,167,0.81,0,0,1,0,3.1,Sad,Cooking,Laptop,Library,Rainy,0,Playlist,1,Finished,R&B,10,0,8
U001,S20251024_04,2025-10-24,13:09:00,Friday,Before You Go,Lewis Capaldi,Pop,Hip-Hop,English,2025,365,302,0.83,0,1,1,1,4.4,Energetic,Commuting,Smart Speaker,Outdoors,Sunny,1,Collaborative Filter,1,Searched Similar,Rock,13,0,13
U001,S20251024_05,2025-10-24,13:09:00,Friday,Eyes Closed,Ed Sheeran,Pop,Classical,English,2022,211,157,0.74,1,1,1,0,4.0,Motivated,Commuting,Smart Speaker,Library,Windy,1,Daily Mix,0,Finished,R&B,13,0,15
U001,S20251024_06,2025-10-24,17:47:00,Friday,God’s Plan,Drake,Hip-Hop,Country,English,2021,365,224,0.61,1,0,0,0,3.5,Calm,Working,Tablet,Park,Windy,0,Playlist,1,Finished,Jazz,17,0,18
U001,S20251024_07,2025-10-24,21:42:00,Friday,Beautiful Things,Benson Boone,Pop,EDM,English,2020,395,374,0.95,0,0,0,0,3.8,Motivated,Studying,iPhone,Office,Windy,1,AI Mix,1,Finished,Hip-Hop,21,0,24
U001,S20251024_08,2025-10-24,7:41:00,Friday,Flowers Need Rain,Preston Pablo,Pop,Lo-Fi,English,2024,328,305,0.93,0,0,0,1,3.6,Peaceful,Studying,Smart Speaker,Gym,Clear,1,Daily Mix,0,Finished,EDM,7,0,29
U001,S20251024_09,2025-10-24,7:08:00,Friday,Memories,Maroon 5,Pop,Rock,English,2025,321,273,0.85,0,0,0,0,4.5,Focused,Relaxing,Smart Speaker,Outdoors,Rainy,1,Trending,0,Finished,Reggae,7,0,33
U001,S20251024_10,2025-10-24,11:50:00,Friday,Circles,Post Malone,Pop,Lo-Fi,English,2022,303,235,0.78,1,1,1,1,3.9,Relaxed,Commuting,Smart Speaker,Home,Snowy,0,User Search,0,Skipped,Rock,11,0,36
U001,S20251024_11,2025-10-24,8:18:00,Friday,Heat Waves,Glass Animals,Alternative,Pop,English,2020,274,173,0.63,1,1,1,0,3.4,Relaxed,Commuting,Tablet,Outdoors,Sunny,0,User Search,1,Skipped,Hip-Hop,8,0,38
U001,S20251024_12,2025-10-24,11:57:00,Friday,Stick Season,Noah Kahan,Folk,R&B,English,2022,194,120,0.62,1,0,1,1,4.2,Focused,Working,Tablet,Park,Clear,1,Trending,0,Finished,Pop,11,0,40
U001,S20251024_13,2025-10-24,22:37:00,Friday,Memories,Maroon 5,Pop,Lo-Fi,English,2023,305,258,0.85,0,1,1,0,4.7,Energetic,Working,Smart Speaker,Home,Windy,0,User Search,0,Skipped,Reggae,22,0,44
U001,S20251024_14,2025-10-24,6:24:00,Friday,Stick Season,Noah Kahan,Folk,Country,English,2025,327,311,0.95,0,0,1,0,4.3,Energetic,Commuting,iPhone,Office,Windy,1,AI Mix,1,Finished,Classical,6,0,49
U001,S20251024_15,2025-10-24,23:26:00,Friday,Slime You Out,Drake ft. SZA,R&B,EDM,English,2025,156,98,0.63,1,0,1,1,4.5,Happy,Working,iPhone,Home,Clear,1,Trending,1,Searched Similar,Classical,23,0,50
U001,S20251024_16,2025-10-24,11:55:00,Friday,Seven,Jungkook ft. Latto,K-Pop,Rock,English,2021,377,375,0.99,0,0,0,0,3.6,Sad,Working,Tablet,Cafe,Snowy,1,AI Mix,0,Searched Similar,Reggae,11,0,56
U001,S20251024_17,2025-10-24,13:44:00,Friday,Flowers Need Rain,Preston Pablo,Pop,Lo-Fi,English,2020,249,201,0.81,0,0,0,0,3.1,Sad,Driving,Smart Speaker,Cafe,Snowy,1,Trending,0,Searched Similar,Rock,13,0,59
U001,S20251025_01,2025-10-25,22:06:00,Saturday,"Good Luck, Babe!",Chappell Roan,Pop,Reggae,English,2020,249,226,0.91,0,0,0,0,5.0,Happy,Relaxing,Smart Speaker,Outdoors,Rainy,1,Daily Mix,0,Skipped,Reggae,22,1,3
U001,S20251025_02,2025-10-25,7:37:00,Saturday,Stay,The Kid LAROI & Justin Bieber,Pop,Classical,English,2023,311,217,0.7,1,0,0,0,3.2,Focused,Cooking,Smart Speaker,Library,Snowy,0,Playlist,1,Finished,Reggae,7,1,6
U001,S20251025_03,2025-10-25,18:09:00,Saturday,Ghost Town,Kanye West,Hip-Hop,Pop,English,2020,261,202,0.77,1,1,0,0,3.6,Peaceful,Studying,Tablet,Gym,Snowy,1,Trending,1,Skipped,R&B,18,1,9
U001,S20251025_04,2025-10-25,11:52:00,Saturday,Espresso,Sabrina Carpenter,Pop,R&B,English,2023,209,195,0.93,0,0,1,0,3.8,Calm,Driving,Tablet,Park,Clear,1,Collaborative Filter,0,Skipped,Pop,11,1,12
U001,S20251025_05,2025-10-25,14:24:00,Saturday,Shivers,Ed Sheeran,Pop,Rock,English,2020,240,218,0.91,0,1,0,1,3.2,Energetic,Cooking,Laptop,Home,Cloudy,1,Trending,0,Skipped,Country,14,1,15
U001,S20251025_06,2025-10-25,9:34:00,Saturday,"Good Luck, Babe!",Chappell Roan,Pop,R&B,English,2021,373,362,0.97,0,0,0,1,3.6,Focused,Studying,Tablet,Cafe,Cloudy,1,Collaborative Filter,1,Skipped,Hip-Hop,9,1,21
U001,S20251025_07,2025-10-25,6:43:00,Saturday,"Good Luck, Babe!",Chappell Roan,Pop,Hip-Hop,English,2020,170,167,0.98,0,0,1,1,5.0,Energetic,Sleeping,Laptop,Cafe,Rainy,0,Playlist,1,Skipped,Reggae,6,1,23
U001,S20251025_08,2025-10-25,16:24:00,Saturday,Save Your Tears,The Weeknd,Pop,Pop,English,2023,300,235,0.78,1,0,1,0,3.6,Focused,Relaxing,Laptop,Home,Windy,1,Daily Mix,1,Searched Similar,R&B,16,1,26
U001,S20251025_09,2025-10-25,22:36:00,Saturday,Lovin On Me,Jack Harlow,Hip-Hop,Pop,English,2022,357,295,0.83,0,0,0,1,3.9,Energetic,Studying,Tablet,Library,Windy,1,Trending,0,Searched Similar,Lo-Fi,22,1,30
U001,S20251025_10,2025-10-25,13:45:00,Saturday,Vampire,Olivia Rodrigo,Pop,Rock,English,2025,385,325,0.84,0,0,0,0,4.6,Motivated,Gym,Laptop,Cafe,Windy,1,Trending,0,Searched Similar,R&B,13,1,35
U001,S20251025_11,2025-10-25,15:16:00,Saturday,Perfect,Ed Sheeran,Pop,Rock,English,2024,263,191,0.73,1,0,1,1,3.1,Relaxed,Working,Tablet,Park,Windy,1,Trending,1,Finished,Pop,15,1,38
U001,S20251025_12,2025-10-25,6:00:00,Saturday,Unholy,Sam Smith ft. Kim Petras,Pop,Reggae,English,2023,181,142,0.78,1,0,0,0,4.7,Energetic,Gym,Tablet,Home,Sunny,0,User Search,0,Finished,Hip-Hop,6,1,40
U001,S20251025_13,2025-10-25,12:07:00,Saturday,Flowers,Miley Cyrus,Pop,Classical,English,2024,284,227,0.8,0,1,1,1,3.7,Relaxed,Working,iPhone,Office,Windy,1,Collaborative Filter,1,Searched Similar,Pop,12,1,43
U001,S20251026_01,2025-10-26,12:49:00,Sunday,Cruel Summer,Taylor Swift,Pop,Pop,English,2022,354,287,0.81,0,0,0,1,3.8,Motivated,Working,Laptop,Cafe,Clear,1,Daily Mix,1,Searched Similar,Hip-Hop,12,1,4
U001,S20251026_02,2025-10-26,19:43:00,Sunday,Sunflower,Post Malone & Swae Lee,Pop,Reggae,English,2024,202,189,0.94,0,1,1,0,3.8,Focused,Gym,iPhone,Office,Rainy,0,Playlist,1,Searched Similar,Hip-Hop,19,1,7
U001,S20251026_03,2025-10-26,11:16:00,Sunday,Feather,Sabrina Carpenter,Pop,Country,English,2024,171,126,0.74,1,1,1,0,3.8,Energetic,Driving,Smart Speaker,Gym,Windy,0,Playlist,1,Searched Similar,Rock,11,1,9
U001,S20251026_04,2025-10-26,11:47:00,Sunday,Shivers,Ed Sheeran,Pop,EDM,English,2020,208,194,0.93,0,1,0,0,3.0,Motivated,Gym,iPhone,Outdoors,Sunny,1,AI Mix,1,Searched Similar,Hip-Hop,11,1,12
U001,S20251026_05,2025-10-26,10:56:00,Sunday,"Yes, And?",Ariana Grande,Pop,Country,English,2023,316,233,0.74,1,1,1,1,4.2,Relaxed,Relaxing,Laptop,Library,Rainy,1,Collaborative Filter,0,Searched Similar,R&B,10,1,15
U001,S20251026_06,2025-10-26,6:52:00,Sunday,Lose Control,Teddy Swims,Soul,Jazz,English,2025,315,211,0.67,1,0,0,1,3.9,Calm,Working,iPhone,Gym,Snowy,0,User Search,1,Searched Similar,Pop,6,1,18
U001,S20251026_07,2025-10-26,14:26:00,Sunday,Save Your Tears,The Weeknd,Pop,EDM,English,2021,220,153,0.7,1,1,0,1,4.6,Relaxed,Relaxing,Laptop,Cafe,Snowy,1,Daily Mix,1,Finished,R&B,14,1,20
U001,S20251026_08,2025-10-26,8:39:00,Sunday,Levitating,Dua Lipa,Pop,Country,English,2024,339,319,0.94,0,0,1,1,4.5,Focused,Driving,Tablet,Home,Sunny,0,Playlist,1,Skipped,Classical,8,1,25
U001,S20251026_09,2025-10-26,17:21:00,Sunday,Industry Baby,Lil Nas X & Jack Harlow,Hip-Hop,Pop,English,2022,379,371,0.98,0,0,0,0,5.0,Relaxed,Cooking,Laptop,Library,Windy,0,Playlist,0,Finished,Classical,17,1,31
U001,S20251026_10,2025-10-26,15:05:00,Sunday,Unholy,Sam Smith ft. Kim Petras,Pop,R&B,English,2023,366,344,0.94,0,1,1,1,3.6,Calm,Driving,iPhone,Office,Clear,0,Playlist,0,Searched Similar,Hip-Hop,15,1,36
U001,S20251026_11,2025-10-26,7:47:00,Sunday,Happier Than Ever,Billie Eilish,Pop,Rock,English,2023,236,166,0.7,1,1,1,1,3.6,Happy,Cooking,Smart Speaker,Office,Cloudy,1,AI Mix,1,Finished,Jazz,7,1,38
U001,S20251026_12,2025-10-26,7:44:00,Sunday,Vampire,Olivia Rodrigo,Pop,Pop,English,2025,338,323,0.96,0,0,1,1,3.6,Energetic,Driving,iPhone,Library,Rainy,1,Collaborative Filter,1,Skipped,Reggae,7,1,43
U001,S20251026_13,2025-10-26,19:08:00,Sunday,Popular,"The Weeknd ft. Madonna, Playboi Carti",R&B,EDM,English,2024,266,265,1.0,0,1,0,1,3.3,Motivated,Studying,iPhone,Home,Cloudy,0,User Search,1,Skipped,Reggae,19,1,47
U001,S20251026_14,2025-10-26,8:42:00,Sunday,Flowers,Miley Cyrus,Pop,R&B,English,2025,395,336,0.85,0,0,1,0,3.3,Focused,Driving,Laptop,Library,Clear,1,Trending,1,Finished,Classical,8,1,52
U001,S20251026_15,2025-10-26,9:02:00,Sunday,As It Was,Harry Styles,Pop,Lo-Fi,English,2024,224,161,0.72,1,0,1,0,3.1,Calm,Commuting,iPhone,Home,Rainy,1,AI Mix,0,Skipped,Country,9,1,54
U001,S20251026_16,2025-10-26,7:15:00,Sunday,I Remember Everything,Zach Bryan ft. Kacey Musgraves,Country,Lo-Fi,English,2023,267,168,0.63,1,1,0,0,4.6,Happy,Working,iPhone,Home,Snowy,0,Playlist,0,Skipped,Pop,7,1,56
U001,S20251027_01,2025-10-27,6:48:00,Monday,Feather,Sabrina Carpenter,Pop,Country,English,2021,269,226,0.84,0,0,0,1,5.0,Relaxed,Sleeping,Tablet,Outdoors,Sunny,0,Playlist,1,Finished,Reggae,6,0,3
U001,S20251027_02,2025-10-27,20:55:00,Monday,Not Like Us,Kendrick Lamar,Hip-Hop,Lo-Fi,English,2021,196,169,0.86,0,0,0,0,4.1,Peaceful,Commuting,Tablet,Park,Clear,0,User Search,1,Searched Similar,EDM,20,0,5
U001,S20251027_03,2025-10-27,7:50:00,Monday,Seven,Jungkook ft. Latto,K-Pop,Lo-Fi,English,2020,214,194,0.91,0,0,1,1,3.4,Happy,Driving,Laptop,Office,Rainy,1,Daily Mix,1,Searched Similar,Hip-Hop,7,0,8
U001,S20251027_04,2025-10-27,6:45:00,Monday,I Had Some Help,Post Malone ft. Morgan Wallen,Country,Reggae,English,2022,343,241,0.7,1,0,1,0,3.3,Relaxed,Relaxing,Laptop,Cafe,Snowy,0,Playlist,0,Skipped,Pop,6,0,12
U001,S20251027_05,2025-10-27,22:53:00,Monday,Greedy,Tate McRae,Pop,Reggae,English,2023,273,233,0.85,0,0,1,0,5.0,Sad,Relaxing,Tablet,Outdoors,Sunny,1,Collaborative Filter,1,Skipped,Classical,22,0,15
U001,S20251027_06,2025-10-27,12:30:00,Monday,Not Like Us,Kendrick Lamar,Hip-Hop,Jazz,English,2022,254,247,0.97,0,1,0,1,3.8,Focused,Gym,Smart Speaker,Home,Clear,1,Collaborative Filter,1,Searched Similar,R&B,12,0,19
U001,S20251027_07,2025-10-27,13:42:00,Monday,Don’t Start Now,Dua Lipa,Pop,R&B,English,2020,180,172,0.96,0,1,1,1,3.7,Happy,Driving,Laptop,Library,Snowy,1,AI Mix,1,Finished,Reggae,13,0,21
U001,S20251027_08,2025-10-27,18:12:00,Monday,Thinking Out Loud,Ed Sheeran,Pop,Lo-Fi,English,2024,349,283,0.81,0,0,1,1,4.8,Peaceful,Working,Laptop,Home,Clear,0,Playlist,0,Skipped,Classical,18,0,25
U001,S20251027_09,2025-10-27,17:40:00,Monday,The Hills,The Weeknd,R&B,Lo-Fi,English,2025,383,240,0.63,1,0,1,1,3.8,Peaceful,Driving,iPhone,Cafe,Windy,1,Trending,1,Searched Similar,Country,17,0,29
U001,S20251027_10,2025-10-27,8:51:00,Monday,Shallow,Lady Gaga & Bradley Cooper,Pop,Lo-Fi,English,2021,172,119,0.69,1,0,0,1,3.1,Happy,Commuting,Laptop,Gym,Snowy,0,Playlist,1,Skipped,Rock,8,0,30
U001,S20251027_11,2025-10-27,6:47:00,Monday,Greedy,Tate McRae,Pop,R&B,English,2024,263,227,0.86,0,0,0,1,3.7,Relaxed,Gym,Laptop,Gym,Clear,0,Playlist,0,Searched Similar,Pop,6,0,33
U001,S20251027_12,2025-10-27,7:03:00,Monday,Beautiful Things,Benson Boone,Pop,Reggae,English,2021,320,243,0.76,1,0,0,0,4.6,Motivated,Sleeping,iPhone,Outdoors,Sunny,1,AI Mix,0,Skipped,EDM,7,0,37
U001,S20251027_13,2025-10-27,16:09:00,Monday,Save Your Tears,The Weeknd,Pop,Lo-Fi,English,2025,383,358,0.93,0,1,0,0,4.2,Motivated,Gym,Smart Speaker,Park,Sunny,1,Collaborative Filter,1,Searched Similar,Classical,16,0,42
U001,S20251027_14,2025-10-27,18:49:00,Monday,When I Was Your Man,Bruno Mars,Pop,Pop,English,2024,317,274,0.86,0,0,1,1,3.4,Motivated,Studying,Tablet,Home,Clear,1,AI Mix,0,Finished,Rock,18,0,46
U001,S20251027_15,2025-10-27,11:31:00,Monday,What Was I Made For?,Billie Eilish,Pop,Rock,English,2023,386,357,0.92,0,0,0,0,4.8,Calm,Studying,Tablet,Gym,Snowy,0,User Search,1,Skipped,Lo-Fi,11,0,51
U001,S20251027_16,2025-10-27,6:46:00,Monday,Let Her Go,Passenger,Folk,EDM,English,2021,307,245,0.8,0,0,1,1,4.1,Calm,Working,Laptop,Cafe,Rainy,1,Trending,1,Finished,Pop,6,0,55
U001,S20251027_17,2025-10-27,14:46:00,Monday,Memories,Maroon 5,Pop,Lo-Fi,English,2024,340,268,0.79,1,0,1,0,4.6,Sad,Commuting,iPhone,Park,Snowy,1,AI Mix,0,Searched Similar,Lo-Fi,14,0,59
U001,S20251027_18,2025-10-27,17:32:00,Monday,Water,Tyla,Afrobeat,Lo-Fi,English,2020,267,225,0.84,0,1,1,0,3.7,Calm,Studying,Smart Speaker,Home,Clear,0,Playlist,1,Finished,Jazz,17,0,62
U001,S20251027_19,2025-10-27,7:01:00,Monday,Sunflower,Post Malone & Swae Lee,Pop,Rock,English,2025,240,205,0.85,0,1,1,1,3.2,Focused,Gym,Tablet,Home,Windy,1,Collaborative Filter,0,Finished,Country,7,0,65
U001,S20251027_20,2025-10-27,11:32:00,Monday,Rush,Troye Sivan,Pop,EDM,English,2023,319,301,0.94,0,1,0,1,3.6,Energetic,Gym,Laptop,Cafe,Sunny,1,Collaborative Filter,1,Skipped,R&B,11,0,70
U001,S20251028_01,2025-10-28,7:30:00,Tuesday,Slow It Down,Benson Boone,Pop,Country,English,2022,233,211,0.91,0,1,0,0,3.5,Calm,Commuting,Tablet,Home,Windy,1,AI Mix,0,Skipped,EDM,7,0,3
U001,S20251028_02,2025-10-28,8:22:00,Tuesday,Anti-Hero,Taylor Swift,Pop,R&B,English,2025,264,218,0.83,0,1,0,0,3.9,Relaxed,Working,iPhone,Office,Clear,1,Trending,0,Skipped,R&B,8,0,6
U001,S20251028_03,2025-10-28,23:30:00,Tuesday,Good 4 U,Olivia Rodrigo,Pop,EDM,English,2022,260,210,0.81,0,0,0,1,3.3,Peaceful,Gym,iPhone,Cafe,Windy,1,Collaborative Filter,0,Searched Similar,Classical,23,0,9
U001,S20251028_04,2025-10-28,18:15:00,Tuesday,Lose Control,Teddy Swims,Soul,Pop,English,2020,299,292,0.98,0,0,1,0,4.5,Peaceful,Cooking,iPhone,Gym,Clear,0,Playlist,0,Finished,Reggae,18,0,13
U001,S20251028_05,2025-10-28,6:19:00,Tuesday,Industry Baby,Lil Nas X & Jack Harlow,Hip-Hop,Reggae,English,2024,152,96,0.63,1,1,0,0,4.6,Peaceful,Working,Tablet,Outdoors,Windy,0,Playlist,0,Skipped,Rock,6,0,14
U001,S20251028_06,2025-10-28,23:11:00,Tuesday,Industry Baby,Lil Nas X & Jack Harlow,Hip-Hop,EDM,English,2023,238,211,0.89,0,0,1,1,4.1,Sad,Cooking,Smart Speaker,Cafe,Clear,0,User Search,1,Finished,Classical,23,0,17
U001,S20251028_07,2025-10-28,13:00:00,Tuesday,Shape of You,Ed Sheeran,Pop,Reggae,English,2021,156,96,0.62,1,0,0,1,4.5,Calm,Sleeping,iPhone,Library,Clear,1,Trending,0,Skipped,Classical,13,0,18
U001,S20251028_08,2025-10-28,16:57:00,Tuesday,Slow It Down,Benson Boone,Pop,Lo-Fi,English,2020,190,186,0.98,0,1,1,1,4.4,Calm,Sleeping,iPhone,Home,Sunny,1,Trending,1,Skipped,Jazz,16,0,21
U001,S20251028_09,2025-10-28,6:07:00,Tuesday,Unholy,Sam Smith ft. Kim Petras,Pop,Rock,English,2023,324,249,0.77,1,1,1,0,3.7,Energetic,Commuting,Laptop,Cafe,Rainy,1,Collaborative Filter,0,Finished,Hip-Hop,6,0,25
U001,S20251028_10,2025-10-28,10:35:00,Tuesday,Peaches,"Justin Bieber ft. Daniel Caesar, Giveon",R&B,Reggae,English,2023,343,253,0.74,1,0,0,0,4.1,Motivated,Sleeping,Smart Speaker,Gym,Cloudy,0,User Search,1,Searched Similar,Pop,10,0,29
U001,S20251028_11,2025-10-28,7:33:00,Tuesday,I Remember Everything,Zach Bryan ft. Kacey Musgraves,Country,Lo-Fi,English,2024,387,376,0.97,0,0,1,0,3.2,Peaceful,Relaxing,Smart Speaker,Home,Rainy,1,Trending,0,Searched Similar,R&B,7,0,35
U001,S20251029_01,2025-10-29,18:13:00,Wednesday,One of Wun,Drake,Hip-Hop,Lo-Fi,English,2024,356,311,0.87,0,0,1,1,4.6,Happy,Cooking,iPhone,Library,Cloudy,0,User Search,0,Searched Similar,R&B,18,0,5
U001,S20251029_02,2025-10-29,19:09:00,Wednesday,Flowers Need Rain,Preston Pablo,Pop,Hip-Hop,English,2024,214,196,0.92,0,0,1,1,3.4,Relaxed,Driving,Tablet,Cafe,Windy,1,Trending,1,Finished,Jazz,19,0,8
U001,S20251029_03,2025-10-29,21:22:00,Wednesday,Lose Yourself,Eminem,Rap,Jazz,English,2023,243,170,0.7,1,0,1,0,4.0,Peaceful,Relaxing,Tablet,Library,Snowy,0,Playlist,0,Finished,Reggae,21,0,10
U001,S20251029_04,2025-10-29,14:12:00,Wednesday,Levitating,Dua Lipa,Pop,Lo-Fi,English,2020,188,184,0.98,0,1,0,0,4.2,Calm,Commuting,Laptop,Outdoors,Clear,1,AI Mix,0,Skipped,Country,14,0,13
U001,S20251029_05,2025-10-29,10:56:00,Wednesday,Feather,Sabrina Carpenter,Pop,Classical,English,2022,335,223,0.67,1,1,0,1,3.8,Energetic,Working,Smart Speaker,Library,Clear,1,AI Mix,1,Searched Similar,EDM,10,0,16
U001,S20251029_06,2025-10-29,22:24:00,Wednesday,Without Me,Halsey,Pop,Hip-Hop,English,2020,172,113,0.66,1,0,0,1,4.8,Energetic,Sleeping,Smart Speaker,Gym,Rainy,1,Trending,0,Searched Similar,Pop,22,0,17
U001,S20251029_07,2025-10-29,13:09:00,Wednesday,Snooze,SZA,R&B,Classical,English,2022,168,161,0.96,0,0,0,0,4.1,Focused,Relaxing,Tablet,Gym,Cloudy,1,Collaborative Filter,0,Skipped,EDM,13,0,19
U001,S20251029_08,2025-10-29,19:00:00,Wednesday,Lovin On Me,Jack Harlow,Hip-Hop,Country,English,2021,296,285,0.96,0,0,0,1,4.6,Focused,Working,Tablet,Park,Clear,0,Playlist,0,Searched Similar,R&B,19,0,23
U001,S20251029_09,2025-10-29,12:31:00,Wednesday,Paint The Town Red,Doja Cat,Hip-Hop,Reggae,English,2024,187,182,0.97,0,0,0,0,3.7,Peaceful,Driving,Laptop,Library,Snowy,1,Daily Mix,1,Searched Similar,EDM,12,0,26
U001,S20251029_10,2025-10-29,20:57:00,Wednesday,I Remember Everything,Zach Bryan ft. Kacey Musgraves,Country,Reggae,English,2020,329,285,0.87,0,0,0,0,4.8,Sad,Cooking,Tablet,Gym,Snowy,1,Collaborative Filter,1,Searched Similar,Country,20,0,30
U001,S20251029_11,2025-10-29,9:28:00,Wednesday,Water,Tyla,Afrobeat,Lo-Fi,English,2024,317,314,0.99,0,1,1,1,5.0,Focused,Sleeping,Laptop,Park,Snowy,1,Daily Mix,0,Finished,Pop,9,0,35
U001,S20251029_12,2025-10-29,16:37:00,Wednesday,One of Wun,Drake,Hip-Hop,EDM,English,2022,223,172,0.77,1,0,0,0,3.9,Motivated,Working,Tablet,Gym,Rainy,1,AI Mix,1,Finished,Lo-Fi,16,0,37
U001,S20251029_13,2025-10-29,16:35:00,Wednesday,Paint The Town Red,Doja Cat,Hip-Hop,Rock,English,2021,173,167,0.97,0,0,0,0,4.0,Energetic,Cooking,Smart Speaker,Home,Windy,1,Collaborative Filter,0,Finished,Country,16,0,39
U001,S20251029_14,2025-10-29,15:45:00,Wednesday,Feather,Sabrina Carpenter,Pop,Lo-Fi,English,2020,326,324,0.99,0,0,1,1,3.5,Calm,Working,Laptop,Cafe,Snowy,1,Collaborative Filter,0,Skipped,Jazz,15,0,44
U001,S20251029_15,2025-10-29,14:16:00,Wednesday,Cruel Summer,Taylor Swift,Pop,Pop,English,2023,226,224,0.99,0,1,0,1,3.4,Happy,Commuting,iPhone,Cafe,Clear,1,Trending,1,Skipped,Reggae,14,0,47
U001,S20251029_16,2025-10-29,19:50:00,Wednesday,God’s Plan,Drake,Hip-Hop,Country,English,2022,197,159,0.81,0,0,1,0,3.5,Peaceful,Sleeping,Laptop,Library,Cloudy,1,Daily Mix,0,Searched Similar,Country,19,0,49
U001,S20251029_17,2025-10-29,18:25:00,Wednesday,Lose Yourself,Eminem,Rap,Classical,English,2025,179,172,0.96,0,0,0,0,3.6,Happy,Cooking,iPhone,Office,Windy,1,Trending,1,Finished,Reggae,18,0,51
U001,S20251030_01,2025-10-30,17:31:00,Thursday,Slime You Out,Drake ft. SZA,R&B,Lo-Fi,English,2021,218,169,0.78,1,0,0,1,3.8,Sad,Commuting,iPhone,Library,Sunny,0,Playlist,1,Skipped,Country,17,0,2
U001,S20251030_02,2025-10-30,7:08:00,Thursday,"Yes, And?",Ariana Grande,Pop,Country,English,2023,351,317,0.9,0,0,0,0,3.4,Happy,Relaxing,iPhone,Library,Windy,1,Trending,0,Finished,Hip-Hop,7,0,7
U001,S20251030_03,2025-10-30,14:04:00,Thursday,God’s Plan,Drake,Hip-Hop,Rock,English,2025,389,241,0.62,1,0,1,0,3.3,Relaxed,Studying,iPhone,Gym,Snowy,1,AI Mix,1,Searched Similar,R&B,14,0,11
U001,S20251030_04,2025-10-30,17:22:00,Thursday,Someone You Loved,Lewis Capaldi,Pop,Rock,English,2024,346,314,0.91,0,0,1,1,3.3,Calm,Studying,Tablet,Park,Snowy,1,Collaborative Filter,1,Finished,Pop,17,0,16
U001,S20251030_05,2025-10-30,11:16:00,Thursday,Dance The Night,Dua Lipa,Pop,Classical,English,2021,364,338,0.93,0,0,1,1,4.3,Calm,Commuting,Tablet,Library,Cloudy,0,User Search,1,Searched Similar,Reggae,11,0,21
U001,S20251030_06,2025-10-30,21:35:00,Thursday,Espresso,Sabrina Carpenter,Pop,EDM,English,2023,167,155,0.93,0,1,0,0,3.8,Sad,Sleeping,Laptop,Park,Rainy,0,Playlist,0,Skipped,Lo-Fi,21,0,23
U001,S20251030_07,2025-10-30,23:56:00,Thursday,What Was I Made For?,Billie Eilish,Pop,Pop,English,2024,232,202,0.87,0,1,0,1,3.5,Calm,Gym,iPhone,Library,Windy,1,AI Mix,1,Searched Similar,Lo-Fi,23,0,26
U001,S20251030_08,2025-10-30,10:11:00,Thursday,Not Like Us,Kendrick Lamar,Hip-Hop,Hip-Hop,English,2020,241,162,0.67,1,0,0,1,3.7,Focused,Gym,Smart Speaker,Home,Windy,1,AI Mix,1,Searched Similar,Reggae,10,0,28
U001,S20251030_09,2025-10-30,18:04:00,Thursday,Eyes Closed,Ed Sheeran,Pop,Jazz,English,2024,305,228,0.75,1,1,1,0,4.6,Relaxed,Studying,Smart Speaker,Park,Windy,1,AI Mix,0,Skipped,Lo-Fi,18,0,31
U001,S20251030_10,2025-10-30,18:34:00,Thursday,When I Was Your Man,Bruno Mars,Pop,Jazz,English,2020,374,329,0.88,0,0,0,0,4.2,Happy,Cooking,Laptop,Park,Rainy,0,User Search,0,Skipped,Jazz,18,0,36
U001,S20251030_11,2025-10-30,11:38:00,Thursday,Heat Waves,Glass Animals,Alternative,Jazz,English,2023,192,184,0.96,0,0,1,1,4.0,Motivated,Driving,Tablet,Office,Rainy,0,Playlist,1,Skipped,Classical,11,0,39
U001,S20251030_12,2025-10-30,20:56:00,Thursday,Birds of a Feather,Billie Eilish,Pop,R&B,English,2025,382,289,0.76,1,0,1,0,3.7,Relaxed,Gym,Laptop,Gym,Rainy,1,Daily Mix,1,Finished,Hip-Hop,20,0,43
U001,S20251030_13,2025-10-30,23:42:00,Thursday,When I Was Your Man,Bruno Mars,Pop,Lo-Fi,English,2025,246,231,0.94,0,0,1,0,3.9,Calm,Studying,iPhone,Cafe,Snowy,1,Collaborative Filter,1,Skipped,Hip-Hop,23,0,46
U001,S20251030_14,2025-10-30,17:35:00,Thursday,Paint The Town Red,Doja Cat,Hip-Hop,EDM,English,2022,222,183,0.82,0,1,0,1,4.2,Calm,Cooking,Smart Speaker,Home,Sunny,1,AI Mix,1,Finished,Rock,17,0,49
U001,S20251030_15,2025-10-30,17:08:00,Thursday,As It Was,Harry Styles,Pop,Pop,English,2022,369,323,0.88,0,0,0,0,3.0,Focused,Cooking,Laptop,Home,Rainy,1,Collaborative Filter,0,Searched Similar,Country,17,0,54
U001,S20251030_16,2025-10-30,7:33:00,Thursday,Greedy,Tate McRae,Pop,Pop,English,2025,163,158,0.97,0,0,1,1,4.3,Motivated,Relaxing,iPhone,Park,Windy,0,User Search,1,Searched Similar,Pop,7,0,56
U001,S20251030_17,2025-10-30,8:47:00,Thursday,Before You Go,Lewis Capaldi,Pop,Country,English,2021,321,303,0.94,0,0,0,1,4.2,Motivated,Gym,Laptop,Outdoors,Rainy,1,AI Mix,0,Skipped,Classical,8,0,61
U001,S20251030_18,2025-10-30,18:33:00,Thursday,Dance The Night,Dua Lipa,Pop,Jazz,English,2025,184,169,0.92,0,0,0,1,4.7,Happy,Driving,iPhone,Park,Snowy,0,User Search,0,Finished,R&B,18,0,63
U001,S20251031_01,2025-10-31,17:44:00,Friday,Take My Breath,The Weeknd,Pop,Reggae,English,2024,161,123,0.76,1,0,1,1,3.6,Relaxed,Sleeping,Tablet,Home,Sunny,1,Daily Mix,0,Skipped,R&B,17,0,2
U001,S20251031_02,2025-10-31,10:02:00,Friday,Eyes Closed,Ed Sheeran,Pop,Lo-Fi,English,2020,345,335,0.97,0,0,0,1,4.7,Calm,Studying,Laptop,Outdoors,Rainy,0,Playlist,0,Searched Similar,Pop,10,0,7
U001,S20251031_03,2025-10-31,14:05:00,Friday,Stay,The Kid LAROI & Justin Bieber,Pop,Jazz,English,2020,159,115,0.72,1,0,1,0,4.0,Calm,Gym,iPhone,Office,Clear,1,Collaborative Filter,1,Searched Similar,Hip-Hop,14,0,8
U001,S20251031_04,2025-10-31,9:48:00,Friday,Snooze,SZA,R&B,Pop,English,2020,375,240,0.64,1,0,1,0,4.7,Happy,Gym,Smart Speaker,Cafe,Cloudy,1,AI Mix,1,Skipped,Jazz,9,0,12
U001,S20251031_05,2025-10-31,22:31:00,Friday,Lose Control,Teddy Swims,Soul,Pop,English,2022,171,153,0.89,0,1,0,1,4.7,Motivated,Commuting,Smart Speaker,Cafe,Sunny,0,User Search,1,Skipped,Country,22,0,14
U001,S20251031_06,2025-10-31,16:32:00,Friday,Popular,"The Weeknd ft. Madonna, Playboi Carti",R&B,Classical,English,2023,181,158,0.87,0,1,0,0,3.2,Sad,Studying,Laptop,Library,Sunny,1,Trending,1,Searched Similar,Rock,16,0,16
U001,S20251031_07,2025-10-31,15:41:00,Friday,Snooze,SZA,R&B,Hip-Hop,English,2022,397,259,0.65,1,1,1,1,3.5,Motivated,Studying,Laptop,Outdoors,Sunny,1,Daily Mix,1,Skipped,Rock,15,0,20
U001,S20251031_08,2025-10-31,10:56:00,Friday,Heat Waves,Glass Animals,Alternative,Jazz,English,2020,400,376,0.94,0,0,0,1,4.6,Calm,Gym,iPhone,Library,Rainy,0,User Search,1,Finished,Country,10,0,26
U001,S20251031_09,2025-10-31,14:37:00,Friday,Espresso,Sabrina Carpenter,Pop,Classical,English,2020,301,249,0.83,0,1,1,0,4.3,Happy,Driving,Smart Speaker,Office,Sunny,1,AI Mix,0,Finished,Country,14,0,30
U001,S20251031_10,2025-10-31,6:20:00,Friday,Vampire,Olivia Rodrigo,Pop,Reggae,English,2023,235,216,0.92,0,0,1,1,5.0,Motivated,Sleeping,Smart Speaker,Home,Cloudy,0,User Search,0,Finished,R&B,6,0,33
U001,S20251101_01,2025-11-01,8:36:00,Saturday,Don’t Start Now,Dua Lipa,Pop,Country,English,2022,161,113,0.7,1,0,0,0,4.1,Relaxed,Working,Smart Speaker,Cafe,Windy,1,Trending,1,Finished,Jazz,8,1,1
U001,S20251101_02,2025-11-01,6:02:00,Saturday,See You Again,"Tyler, The Creator ft. Kali Uchis",Hip-Hop,R&B,English,2024,301,187,0.62,1,0,0,0,3.1,Sad,Driving,Tablet,Library,Cloudy,0,User Search,0,Searched Similar,Lo-Fi,6,1,4
U001,S20251101_03,2025-11-01,11:34:00,Saturday,Circles,Post Malone,Pop,Lo-Fi,English,2024,187,148,0.79,1,1,1,0,4.6,Focused,Cooking,iPhone,Outdoors,Clear,0,User Search,0,Searched Similar,R&B,11,1,6
U001,S20251101_04,2025-11-01,20:22:00,Saturday,Let Her Go,Passenger,Folk,Lo-Fi,English,2022,256,155,0.61,1,0,0,0,3.8,Peaceful,Working,Laptop,Office,Clear,1,Collaborative Filter,1,Finished,Jazz,20,1,8
U001,S20251101_05,2025-11-01,22:56:00,Saturday,One of Wun,Drake,Hip-Hop,Hip-Hop,English,2023,323,264,0.82,0,0,1,1,4.7,Focused,Commuting,Tablet,Outdoors,Snowy,0,User Search,1,Searched Similar,Jazz,22,1,12
U001,S20251101_06,2025-11-01,10:11:00,Saturday,Senorita,Shawn Mendes & Camila Cabello,Pop,Pop,English,2020,266,201,0.76,1,0,1,0,4.2,Happy,Commuting,Tablet,Home,Clear,1,AI Mix,1,Skipped,Country,10,1,15
U001,S20251101_07,2025-11-01,13:18:00,Saturday,Birds of a Feather,Billie Eilish,Pop,Pop,English,2023,391,240,0.61,1,0,1,0,3.7,Energetic,Commuting,iPhone,Gym,Rainy,1,AI Mix,1,Skipped,Reggae,13,1,19
U001,S20251101_08,2025-11-01,8:07:00,Saturday,Shape of You,Ed Sheeran,Pop,Country,English,2023,155,115,0.74,1,0,1,0,4.0,Energetic,Sleeping,Tablet,Cafe,Sunny,0,User Search,0,Finished,R&B,8,1,20
U001,S20251101_09,2025-11-01,11:57:00,Saturday,Eyes Closed,Ed Sheeran,Pop,Lo-Fi,English,2023,216,178,0.82,0,1,1,0,4.4,Energetic,Driving,Tablet,Outdoors,Windy,1,AI Mix,0,Skipped,Hip-Hop,11,1,22
U001,S20251101_10,2025-11-01,11:47:00,Saturday,"Yes, And?",Ariana Grande,Pop,EDM,English,2020,207,201,0.97,0,1,1,1,3.4,Peaceful,Sleeping,iPhone,Home,Sunny,1,Daily Mix,0,Searched Similar,Pop,11,1,25
U001,S20251101_11,2025-11-01,17:50:00,Saturday,Adore You,Harry Styles,Pop,Country,English,2021,282,248,0.88,0,0,0,1,3.1,Calm,Relaxing,iPhone,Home,Cloudy,0,Playlist,1,Searched Similar,Jazz,17,1,29
U001,S20251101_12,2025-11-01,10:18:00,Saturday,Houdini,Eminem,Rap,Jazz,English,2024,383,320,0.84,0,0,0,0,4.9,Relaxed,Gym,iPhone,Home,Windy,1,AI Mix,1,Searched Similar,Reggae,10,1,34
U001,S20251102_01,2025-11-02,9:02:00,Sunday,Paint The Town Red,Doja Cat,Hip-Hop,Hip-Hop,English,2021,235,220,0.94,0,1,0,1,4.0,Energetic,Commuting,iPhone,Outdoors,Cloudy,1,AI Mix,0,Skipped,Pop,9,1,3
U001,S20251102_02,2025-11-02,14:48:00,Sunday,Take My Breath,The Weeknd,Pop,Reggae,English,2020,193,139,0.72,1,0,0,0,3.5,Peaceful,Driving,iPhone,Cafe,Snowy,1,Collaborative Filter,0,Skipped,Country,14,1,5
U001,S20251102_03,2025-11-02,23:27:00,Sunday,Beautiful Things,Benson Boone,Pop,Rock,English,2025,346,225,0.65,1,1,1,1,4.8,Focused,Commuting,Laptop,Outdoors,Rainy,1,AI Mix,1,Searched Similar,Reggae,23,1,8
U001,S20251102_04,2025-11-02,11:44:00,Sunday,Adore You,Harry Styles,Pop,Country,English,2020,244,159,0.65,1,0,0,1,4.7,Focused,Gym,Laptop,Park,Cloudy,1,Trending,0,Finished,Rock,11,1,10
U001,S20251102_05,2025-11-02,13:20:00,Sunday,Seven,Jungkook ft. Latto,K-Pop,Hip-Hop,English,2025,311,295,0.95,0,0,1,0,4.1,Peaceful,Cooking,Tablet,Outdoors,Rainy,1,Collaborative Filter,0,Skipped,Classical,13,1,14
U001,S20251102_06,2025-11-02,12:10:00,Sunday,Stay,The Kid LAROI & Justin Bieber,Pop,Country,English,2020,167,104,0.62,1,0,1,0,4.4,Happy,Sleeping,Laptop,Home,Snowy,0,User Search,0,Searched Similar,Hip-Hop,12,1,15
U001,S20251102_07,2025-11-02,11:54:00,Sunday,Houdini,Eminem,Rap,Reggae,English,2024,215,164,0.76,1,0,1,0,3.7,Sad,Commuting,Smart Speaker,Library,Sunny,1,Daily Mix,1,Skipped,R&B,11,1,17
U001,S20251102_08,2025-11-02,13:19:00,Sunday,I Remember Everything,Zach Bryan ft. Kacey Musgraves,Country,Hip-Hop,English,2021,277,277,1.0,0,0,1,1,4.7,Happy,Working,iPhone,Home,Clear,1,Trending,1,Searched Similar,R&B,13,1,21
U001,S20251102_09,2025-11-02,6:49:00,Sunday,Flowers,Miley Cyrus,Pop,R&B,English,2020,239,212,0.89,0,0,0,0,4.1,Motivated,Studying,Tablet,Park,Sunny,1,Daily Mix,0,Finished,EDM,6,1,24
U001,S20251102_10,2025-11-02,7:29:00,Sunday,Stay With Me,Sam Smith,Soul,Hip-Hop,English,2025,334,258,0.77,1,0,0,0,3.1,Focused,Driving,Smart Speaker,Outdoors,Windy,1,Trending,0,Skipped,Classical,7,1,28
U001,S20251102_11,2025-11-02,22:36:00,Sunday,Without Me,Halsey,Pop,Jazz,English,2023,391,243,0.62,1,1,1,0,4.7,Peaceful,Driving,iPhone,Gym,Clear,1,Daily Mix,1,Searched Similar,Pop,22,1,32
U001,S20251102_12,2025-11-02,21:06:00,Sunday,"Good Luck, Babe!",Chappell Roan,Pop,R&B,English,2020,238,215,0.9,0,0,1,0,4.0,Motivated,Studying,iPhone,Gym,Windy,1,Trending,0,Skipped,R&B,21,1,35
U001,S20251102_13,2025-11-02,11:39:00,Sunday,Die With a Smile,Lady Gaga & Bruno Mars,Pop,R&B,English,2024,311,295,0.95,0,0,0,0,3.5,Motivated,Cooking,Smart Speaker,Park,Rainy,1,Trending,0,Skipped,Hip-Hop,11,1,39
U001,S20251102_14,2025-11-02,15:56:00,Sunday,Adore You,Harry Styles,Pop,Jazz,English,2024,219,187,0.85,0,1,0,1,3.1,Peaceful,Gym,iPhone,Park,Sunny,1,Trending,0,Finished,Reggae,15,1,42
U001,S20251102_15,2025-11-02,7:34:00,Sunday,Happier Than Ever,Billie Eilish,Pop,Jazz,English,2022,199,165,0.83,0,0,1,0,4.6,Sad,Gym,Tablet,Office,Sunny,0,User Search,0,Finished,Lo-Fi,7,1,44
U001,S20251102_16,2025-11-02,15:43:00,Sunday,Vampire,Olivia Rodrigo,Pop,Hip-Hop,English,2024,343,227,0.66,1,1,0,0,4.1,Relaxed,Commuting,Tablet,Library,Sunny,1,Trending,0,Searched Similar,Jazz,15,1,47
U001,S20251102_17,2025-11-02,12:50:00,Sunday,Stick Season,Noah Kahan,Folk,Country,English,2023,191,115,0.6,1,0,0,1,3.4,Calm,Studying,Smart Speaker,Park,Rainy,1,AI Mix,0,Skipped,EDM,12,1,48
U001,S20251103_01,2025-11-03,7:59:00,Monday,Unholy,Sam Smith ft. Kim Petras,Pop,Reggae,English,2023,240,158,0.66,1,1,1,1,3.1,Relaxed,Driving,Tablet,Outdoors,Clear,1,Trending,0,Skipped,Jazz,7,0,2
U001,S20251103_02,2025-11-03,17:11:00,Monday,Peaches,"Justin Bieber ft. Daniel Caesar, Giveon",R&B,EDM,English,2025,399,361,0.9,0,0,0,0,3.0,Relaxed,Studying,Laptop,Park,Windy,0,User Search,0,Searched Similar,EDM,17,0,8
U001,S20251103_03,2025-11-03,15:28:00,Monday,Stay With Me,Sam Smith,Soul,Lo-Fi,English,2021,236,163,0.69,1,0,0,0,4.6,Calm,Studying,Laptop,Gym,Rainy,1,Daily Mix,1,Searched Similar,Country,15,0,10
U001,S20251103_04,2025-11-03,7:11:00,Monday,As It Was,Harry Styles,Pop,Pop,English,2020,197,122,0.62,1,0,0,0,4.2,Calm,Gym,Laptop,Office,Cloudy,0,Playlist,0,Finished,Rock,7,0,12
U001,S20251103_05,2025-11-03,20:25:00,Monday,Dance The Night,Dua Lipa,Pop,Rock,English,2020,276,188,0.68,1,0,0,0,4.0,Focused,Studying,iPhone,Library,Windy,1,Daily Mix,1,Searched Similar,Jazz,20,0,15
U001,S20251103_06,2025-11-03,21:49:00,Monday,Flowers,Miley Cyrus,Pop,R&B,English,2024,204,176,0.86,0,0,1,1,3.7,Happy,Cooking,Tablet,Cafe,Clear,0,Playlist,1,Skipped,R&B,21,0,17
U001,S20251103_07,2025-11-03,6:31:00,Monday,Ghost Town,Kanye West,Hip-Hop,R&B,English,2022,173,127,0.73,1,0,1,0,4.3,Relaxed,Cooking,Tablet,Cafe,Windy,0,User Search,1,Searched Similar,Pop,6,0,19
U001,S20251103_08,2025-11-03,9:02:00,Monday,Rush,Troye Sivan,Pop,Hip-Hop,English,2024,226,166,0.73,1,0,1,1,3.7,Relaxed,Driving,iPhone,Gym,Clear,1,Trending,0,Skipped,Pop,9,0,21
U001,S20251103_09,2025-11-03,8:49:00,Monday,Heat Waves,Glass Animals,Alternative,Classical,English,2024,221,195,0.88,0,0,1,0,4.3,Happy,Cooking,Smart Speaker,Office,Snowy,1,AI Mix,0,Searched Similar,Pop,8,0,24
U001,S20251103_10,2025-11-03,20:48:00,Monday,See You Again,"Tyler, The Creator ft. Kali Uchis",Hip-Hop,R&B,English,2025,291,256,0.88,0,1,1,0,4.7,Peaceful,Sleeping,Laptop,Library,Cloudy,0,Playlist,1,Searched Similar,Classical,20,0,28
U001,S20251103_11,2025-11-03,15:09:00,Monday,Thinking Out Loud,Ed Sheeran,Pop,Reggae,English,2021,220,143,0.65,1,1,1,1,3.8,Happy,Relaxing,iPhone,Gym,Rainy,0,User Search,0,Skipped,Rock,15,0,30
U001,S20251103_12,2025-11-03,23:07:00,Monday,The Hills,The Weeknd,R&B,Country,English,2025,305,289,0.95,0,1,0,0,3.8,Focused,Driving,iPhone,Office,Rainy,1,Trending,0,Searched Similar,Reggae,23,0,34
U001,S20251103_13,2025-11-03,19:43:00,Monday,Anti-Hero,Taylor Swift,Pop,R&B,English,2020,205,135,0.66,1,0,0,0,4.0,Sad,Commuting,iPhone,Library,Clear,1,Trending,1,Finished,Rock,19,0,36
U001,S20251103_14,2025-11-03,10:25:00,Monday,Birds of a Feather,Billie Eilish,Pop,Hip-Hop,English,2022,244,240,0.98,0,0,0,1,3.4,Relaxed,Driving,iPhone,Gym,Sunny,1,Trending,1,Skipped,Country,10,0,40
U001,S20251104_01,2025-11-04,21:07:00,Tuesday,Die With a Smile,Lady Gaga & Bruno Mars,Pop,Pop,English,2024,298,264,0.89,0,0,0,0,4.5,Relaxed,Relaxing,Tablet,Park,Windy,0,Playlist,0,Finished,Reggae,21,0,4
U001,S20251104_02,2025-11-04,17:50:00,Tuesday,Sunflower,Post Malone & Swae Lee,Pop,Rock,English,2024,291,202,0.69,1,1,0,1,4.2,Focused,Studying,Tablet,Outdoors,Windy,0,Playlist,0,Searched Similar,Lo-Fi,17,0,7
U001,S20251104_03,2025-11-04,9:01:00,Tuesday,Happier Than Ever,Billie Eilish,Pop,Pop,English,2021,268,204,0.76,1,1,1,1,4.1,Relaxed,Studying,Smart Speaker,Cafe,Clear,0,User Search,0,Searched Similar,Country,9,0,10
U001,S20251104_04,2025-11-04,17:39:00,Tuesday,God’s Plan,Drake,Hip-Hop,R&B,English,2025,339,312,0.92,0,0,1,1,4.5,Relaxed,Commuting,Smart Speaker,Office,Sunny,1,Daily Mix,1,Skipped,Hip-Hop,17,0,15
U001,S20251104_05,2025-11-04,22:09:00,Tuesday,What Was I Made For?,Billie Eilish,Pop,Hip-Hop,English,2022,394,312,0.79,1,0,0,0,4.5,Calm,Driving,Laptop,Office,Sunny,0,Playlist,1,Searched Similar,Reggae,22,0,20
U001,S20251104_06,2025-11-04,9:39:00,Tuesday,Senorita,Shawn Mendes & Camila Cabello,Pop,R&B,English,2022,384,282,0.73,1,0,1,1,3.9,Relaxed,Sleeping,Smart Speaker,Gym,Clear,1,Daily Mix,0,Searched Similar,Country,9,0,24
U001,S20251104_07,2025-11-04,14:42:00,Tuesday,Memories,Maroon 5,Pop,R&B,English,2024,172,115,0.67,1,0,0,0,4.4,Motivated,Gym,Tablet,Home,Sunny,1,Daily Mix,0,Finished,Reggae,14,0,25
U001,S20251104_08,2025-11-04,12:49:00,Tuesday,One of Wun,Drake,Hip-Hop,R&B,English,2022,161,128,0.8,0,0,0,0,4.9,Relaxed,Commuting,iPhone,Office,Cloudy,1,Daily Mix,0,Finished,Classical,12,0,27
U001,S20251104_09,2025-11-04,14:16:00,Tuesday,Without Me,Halsey,Pop,Jazz,English,2023,166,105,0.63,1,0,1,0,4.6,Energetic,Relaxing,Tablet,Outdoors,Snowy,1,Trending,0,Searched Similar,Reggae,14,0,28
U001,S20251104_10,2025-11-04,8:40:00,Tuesday,Good 4 U,Olivia Rodrigo,Pop,Rock,English,2025,385,290,0.75,1,0,0,0,4.3,Peaceful,Commuting,Laptop,Park,Windy,1,Collaborative Filter,0,Finished,Reggae,8,0,32
U001,S20251104_11,2025-11-04,17:01:00,Tuesday,Peaches,"Justin Bieber ft. Daniel Caesar, Giveon",R&B,Jazz,English,2022,346,275,0.79,1,0,0,0,4.9,Calm,Working,Smart Speaker,Outdoors,Clear,0,User Search,0,Searched Similar,Pop,17,0,36
U001,S20251104_12,2025-11-04,8:44:00,Tuesday,Ghost,Justin Bieber,Pop,R&B,English,2020,216,161,0.75,1,1,1,0,4.9,Sad,Sleeping,iPhone,Office,Sunny,1,Trending,1,Searched Similar,Hip-Hop,8,0,38
U001,S20251104_13,2025-11-04,11:16:00,Tuesday,Water,Tyla,Afrobeat,R&B,English,2024,188,120,0.64,1,1,0,0,4.5,Peaceful,Gym,Smart Speaker,Cafe,Windy,1,Trending,0,Finished,Lo-Fi,11,0,40
U001,S20251105_01,2025-11-05,21:26:00,Wednesday,I Had Some Help,Post Malone ft. Morgan Wallen,Country,R&B,English,2024,220,195,0.89,0,0,1,1,3.8,Happy,Commuting,Laptop,Cafe,Windy,0,User Search,0,Finished,Rock,21,0,3
U001,S20251105_02,2025-11-05,6:35:00,Wednesday,Before You Go,Lewis Capaldi,Pop,Jazz,English,2025,343,220,0.64,1,0,0,0,3.6,Peaceful,Sleeping,Tablet,Outdoors,Cloudy,0,Playlist,0,Finished,EDM,6,0,6
U001,S20251105_03,2025-11-05,14:37:00,Wednesday,Stay With Me,Sam Smith,Soul,EDM,English,2022,172,170,0.99,0,0,0,1,4.1,Happy,Studying,Laptop,Gym,Snowy,1,Daily Mix,0,Skipped,Reggae,14,0,8
U001,S20251105_04,2025-11-05,13:57:00,Wednesday,Flowers Need Rain,Preston Pablo,Pop,Jazz,English,2025,166,152,0.92,0,1,0,1,3.0,Happy,Working,iPhone,Gym,Windy,1,Trending,0,Searched Similar,Classical,13,0,10
U001,S20251105_05,2025-11-05,20:26:00,Wednesday,Perfect,Ed Sheeran,Pop,Pop,English,2021,350,338,0.97,0,0,1,1,4.8,Sad,Gym,Laptop,Gym,Windy,1,Trending,0,Skipped,R&B,20,0,15
U001,S20251105_06,2025-11-05,9:12:00,Wednesday,Fortnight,Taylor Swift ft. Post Malone,Pop,R&B,English,2022,362,311,0.86,0,0,0,0,4.8,Energetic,Driving,Laptop,Library,Clear,0,User Search,0,Skipped,Jazz,9,0,20
U001,S20251105_07,2025-11-05,16:36:00,Wednesday,Seven,Jungkook ft. Latto,K-Pop,Lo-Fi,English,2021,224,149,0.67,1,0,1,1,3.8,Focused,Studying,Smart Speaker,Home,Rainy,1,Daily Mix,0,Searched Similar,Pop,16,0,22
U001,S20251105_08,2025-11-05,16:49:00,Wednesday,Let Her Go,Passenger,Folk,Rock,English,2024,352,297,0.84,0,0,0,1,3.1,Sad,Working,iPhone,Office,Windy,1,Collaborative Filter,0,Finished,Classical,16,0,26
U001,S20251105_09,2025-11-05,20:00:00,Wednesday,I Had Some Help,Post Malone ft. Morgan Wallen,Country,Jazz,English,2024,364,353,0.97,0,0,0,1,3.5,Relaxed,Driving,iPhone,Home,Cloudy,1,Daily Mix,1,Finished,Country,20,0,31
U001,S20251105_10,2025-11-05,12:18:00,Wednesday,Shallow,Lady Gaga & Bradley Cooper,Pop,Hip-Hop,English,2024,375,299,0.8,0,1,1,0,3.4,Happy,Relaxing,Tablet,Office,Rainy,0,Playlist,1,Skipped,Pop,12,0,35
U001,S20251105_11,2025-11-05,14:47:00,Wednesday,Someone You Loved,Lewis Capaldi,Pop,Reggae,English,2020,212,182,0.86,0,1,0,1,4.6,Peaceful,Studying,Tablet,Park,Clear,1,Collaborative Filter,1,Searched Similar,R&B,14,0,38
U001,S20251105_12,2025-11-05,7:51:00,Wednesday,Fortnight,Taylor Swift ft. Post Malone,Pop,Pop,English,2022,322,279,0.87,0,0,1,0,4.7,Sad,Working,Laptop,Library,Snowy,1,Trending,0,Searched Similar,Hip-Hop,7,0,42
U001,S20251105_13,2025-11-05,6:35:00,Wednesday,Cruel Summer,Taylor Swift,Pop,Classical,English,2022,374,328,0.88,0,0,1,1,4.2,Motivated,Cooking,Laptop,Office,Windy,1,AI Mix,1,Searched Similar,Rock,6,0,47
U001,S20251105_14,2025-11-05,15:26:00,Wednesday,Snooze,SZA,R&B,Country,English,2020,246,180,0.73,1,0,0,1,4.7,Motivated,Working,Tablet,Gym,Cloudy,1,Trending,0,Finished,Classical,15,0,50
U001,S20251105_15,2025-11-05,7:48:00,Wednesday,The Hills,The Weeknd,R&B,Country,English,2025,252,204,0.81,0,1,1,0,3.5,Relaxed,Driving,iPhone,Cafe,Windy,0,Playlist,1,Searched Similar,Lo-Fi,7,0,53
U001,S20251105_16,2025-11-05,6:28:00,Wednesday,Good 4 U,Olivia Rodrigo,Pop,Reggae,English,2025,199,144,0.72,1,1,1,1,4.2,Happy,Driving,Smart Speaker,Gym,Clear,1,Collaborative Filter,1,Searched Similar,Rock,6,0,55
U001,S20251105_17,2025-11-05,21:38:00,Wednesday,Slow It Down,Benson Boone,Pop,Jazz,English,2025,258,213,0.83,0,0,0,1,4.0,Motivated,Sleeping,Tablet,Park,Cloudy,1,Collaborative Filter,0,Finished,R&B,21,0,58
U001,S20251105_18,2025-11-05,17:06:00,Wednesday,Shivers,Ed Sheeran,Pop,EDM,English,2025,258,250,0.97,0,0,0,1,4.5,Focused,Commuting,Smart Speaker,Cafe,Windy,1,Daily Mix,1,Skipped,Jazz,17,0,62
U001,S20251105_19,2025-11-05,9:38:00,Wednesday,"Yes, And?",Ariana Grande,Pop,Country,English,2023,356,290,0.81,0,0,1,1,4.4,Calm,Cooking,Tablet,Park,Clear,1,AI Mix,0,Searched Similar,Pop,9,0,66
U001,S20251105_20,2025-11-05,11:37:00,Wednesday,I Had Some Help,Post Malone ft. Morgan Wallen,Country,Classical,English,2024,230,214,0.93,0,0,1,0,3.2,Energetic,Cooking,Laptop,Cafe,Snowy,1,Collaborative Filter,0,Finished,Classical,11,0,69
